{
  "Get policy id-0" : {
    "transaction" : "Get policy id-0",
    "sampleCount" : 10,
    "errorCount" : 0,
    "errorPct" : 0.0,
    "meanResTime" : 0.4,
    "medianResTime" : 0.0,
    "minResTime" : 0.0,
    "maxResTime" : 1.0,
    "pct1ResTime" : 1.0,
    "pct2ResTime" : 1.0,
    "pct3ResTime" : 1.0,
    "throughput" : 0.058816955752004185,
    "receivedKBytesPerSec" : 0.08493995524029667,
    "sentKBytesPerSec" : 0.0
  },
  "Dry Run Policy" : {
    "transaction" : "Dry Run Policy",
    "sampleCount" : 10,
    "errorCount" : 0,
    "errorPct" : 0.0,
    "meanResTime" : 17154.1,
    "medianResTime" : 8054.5,
    "minResTime" : 7122.0,
    "maxResTime" : 100710.0,
    "pct1ResTime" : 91513.90000000004,
    "pct2ResTime" : 100710.0,
    "pct3ResTime" : 100710.0,
    "throughput" : 0.05627620360730465,
    "receivedKBytesPerSec" : 0.6485997337432117,
    "sentKBytesPerSec" : 0.035227584484650666
  },
  "WS PP policy import" : {
    "transaction" : "WS PP policy import",
    "sampleCount" : 1385,
    "errorCount" : 0,
    "errorPct" : 0.0,
    "meanResTime" : 0.40216606498194946,
    "medianResTime" : 0.0,
    "minResTime" : 0.0,
    "maxResTime" : 10.0,
    "pct1ResTime" : 1.0,
    "pct2ResTime" : 1.0,
    "pct3ResTime" : 1.0,
    "throughput" : 3.2036899105742584,
    "receivedKBytesPerSec" : 4.685493627750894,
    "sentKBytesPerSec" : 0.018771620569771046
  },
  "Requests for Import" : {
    "transaction" : "Requests for Import",
    "sampleCount" : 10,
    "errorCount" : 0,
    "errorPct" : 0.0,
    "meanResTime" : 348723.30000000005,
    "medianResTime" : 361158.5,
    "minResTime" : 252268.0,
    "maxResTime" : 381659.0,
    "pct1ResTime" : 380562.8,
    "pct2ResTime" : 381659.0,
    "pct3ResTime" : 381659.0,
    "throughput" : 0.02318910483098621,
    "receivedKBytesPerSec" : 11.749566146341802,
    "sentKBytesPerSec" : 0.07061127712255673
  },
  "WS PP policy import-0" : {
    "transaction" : "WS PP policy import-0",
    "sampleCount" : 1385,
    "errorCount" : 0,
    "errorPct" : 0.0,
    "meanResTime" : 0.22671480144404355,
    "medianResTime" : 0.0,
    "minResTime" : 0.0,
    "maxResTime" : 10.0,
    "pct1ResTime" : 1.0,
    "pct2ResTime" : 1.0,
    "pct3ResTime" : 1.0,
    "throughput" : 3.2036899105742584,
    "receivedKBytesPerSec" : 4.685493627750894,
    "sentKBytesPerSec" : 0.0
  },
  "Import Policy-0" : {
    "transaction" : "Import Policy-0",
    "sampleCount" : 10,
    "errorCount" : 0,
    "errorPct" : 0.0,
    "meanResTime" : 0.10000000000000002,
    "medianResTime" : 0.0,
    "minResTime" : 0.0,
    "maxResTime" : 1.0,
    "pct1ResTime" : 0.9000000000000004,
    "pct2ResTime" : 1.0,
    "pct3ResTime" : 1.0,
    "throughput" : 0.11122604469062476,
    "receivedKBytesPerSec" : 0.13424244983705386,
    "sentKBytesPerSec" : 0.0
  },
  "WS read policy import result" : {
    "transaction" : "WS read policy import result",
    "sampleCount" : 1385,
    "errorCount" : 0,
    "errorPct" : 0.0,
    "meanResTime" : 2504.2223826714803,
    "medianResTime" : 10.0,
    "minResTime" : 0.0,
    "maxResTime" : 10018.0,
    "pct1ResTime" : 10008.0,
    "pct2ResTime" : 10012.7,
    "pct3ResTime" : 10015.0,
    "throughput" : 3.202808296314111,
    "receivedKBytesPerSec" : 6.820998859938997,
    "sentKBytesPerSec" : 0.0
  },
  "Import Policy" : {
    "transaction" : "Import Policy",
    "sampleCount" : 10,
    "errorCount" : 0,
    "errorPct" : 0.0,
    "meanResTime" : 230.3,
    "medianResTime" : 229.0,
    "minResTime" : 222.0,
    "maxResTime" : 239.0,
    "pct1ResTime" : 238.6,
    "pct2ResTime" : 239.0,
    "pct3ResTime" : 239.0,
    "throughput" : 0.11094592495617636,
    "receivedKBytesPerSec" : 0.17919283719240242,
    "sentKBytesPerSec" : 0.07291660888233076
  },
  "Login by SR-0" : {
    "transaction" : "Login by SR-0",
    "sampleCount" : 20,
    "errorCount" : 0,
    "errorPct" : 0.0,
    "meanResTime" : 0.25,
    "medianResTime" : 0.0,
    "minResTime" : 0.0,
    "maxResTime" : 2.0,
    "pct1ResTime" : 1.0,
    "pct2ResTime" : 1.9499999999999993,
    "pct3ResTime" : 2.0,
    "throughput" : 0.0460448615085678,
    "receivedKBytesPerSec" : 0.053886876984245755,
    "sentKBytesPerSec" : 0.0
  },
  "WS open for policy import-0" : {
    "transaction" : "WS open for policy import-0",
    "sampleCount" : 10,
    "errorCount" : 0,
    "errorPct" : 0.0,
    "meanResTime" : 0.39999999999999997,
    "medianResTime" : 0.0,
    "minResTime" : 0.0,
    "maxResTime" : 1.0,
    "pct1ResTime" : 1.0,
    "pct2ResTime" : 1.0,
    "pct3ResTime" : 1.0,
    "throughput" : 0.11123346792582953,
    "receivedKBytesPerSec" : 0.13424054654564466,
    "sentKBytesPerSec" : 0.0
  },
  "Login by Admin" : {
    "transaction" : "Login by Admin",
    "sampleCount" : 10,
    "errorCount" : 0,
    "errorPct" : 0.0,
    "meanResTime" : 627.0,
    "medianResTime" : 612.0,
    "minResTime" : 603.0,
    "maxResTime" : 776.0,
    "pct1ResTime" : 760.1,
    "pct2ResTime" : 776.0,
    "pct3ResTime" : 776.0,
    "throughput" : 0.11035944069835453,
    "receivedKBytesPerSec" : 0.11918604049639676,
    "sentKBytesPerSec" : 0.040630380022734044
  },
  "Requests for DryRun" : {
    "transaction" : "Requests for DryRun",
    "sampleCount" : 10,
    "errorCount" : 0,
    "errorPct" : 0.0,
    "meanResTime" : 17366.9,
    "medianResTime" : 8265.0,
    "minResTime" : 7332.0,
    "maxResTime" : 100921.0,
    "pct1ResTime" : 91724.80000000003,
    "pct2ResTime" : 100921.0,
    "pct3ResTime" : 100921.0,
    "throughput" : 0.05620914297919699,
    "receivedKBytesPerSec" : 0.7757026406352757,
    "sentKBytesPerSec" : 0.07410933978145885
  },
  "WS read policy import result-0" : {
    "transaction" : "WS read policy import result-0",
    "sampleCount" : 1385,
    "errorCount" : 0,
    "errorPct" : 0.0,
    "meanResTime" : 0.27292418772563243,
    "medianResTime" : 0.0,
    "minResTime" : 0.0,
    "maxResTime" : 6.0,
    "pct1ResTime" : 1.0,
    "pct2ResTime" : 1.0,
    "pct3ResTime" : 1.0,
    "throughput" : 3.202808296314111,
    "receivedKBytesPerSec" : 4.686153151181801,
    "sentKBytesPerSec" : 0.0
  },
  "Get tenant" : {
    "transaction" : "Get tenant",
    "sampleCount" : 10,
    "errorCount" : 0,
    "errorPct" : 0.0,
    "meanResTime" : 867.3000000000001,
    "medianResTime" : 851.5,
    "minResTime" : 835.0,
    "maxResTime" : 1018.0,
    "pct1ResTime" : 1002.7,
    "pct2ResTime" : 1018.0,
    "pct3ResTime" : 1018.0,
    "throughput" : 0.11006912340950117,
    "receivedKBytesPerSec" : 0.28471786531942056,
    "sentKBytesPerSec" : 0.08835626898692378
  },
  "Total" : {
    "transaction" : "Total",
    "sampleCount" : 5700,
    "errorCount" : 0,
    "errorPct" : 0.0,
    "meanResTime" : 643.909999999999,
    "medianResTime" : 0.0,
    "minResTime" : 0.0,
    "maxResTime" : 100710.0,
    "pct1ResTime" : 210.0,
    "pct2ResTime" : 8761.349999999999,
    "pct3ResTime" : 10013.0,
    "throughput" : 12.861126905477487,
    "receivedKBytesPerSec" : 21.14985525591386,
    "sentKBytesPerSec" : 0.11656718331167248
  },
  "Login by SR" : {
    "transaction" : "Login by SR",
    "sampleCount" : 20,
    "errorCount" : 0,
    "errorPct" : 0.0,
    "meanResTime" : 214.35,
    "medianResTime" : 212.5,
    "minResTime" : 206.0,
    "maxResTime" : 231.0,
    "pct1ResTime" : 223.60000000000002,
    "pct2ResTime" : 230.65,
    "pct3ResTime" : 231.0,
    "throughput" : 0.04602176369204997,
    "receivedKBytesPerSec" : 0.08972446194805524,
    "sentKBytesPerSec" : 0.02476815817450072
  },
  "Get policy id" : {
    "transaction" : "Get policy id",
    "sampleCount" : 10,
    "errorCount" : 0,
    "errorPct" : 0.0,
    "meanResTime" : 609.7000000000002,
    "medianResTime" : 604.5,
    "minResTime" : 600.0,
    "maxResTime" : 635.0,
    "pct1ResTime" : 633.9,
    "pct2ResTime" : 635.0,
    "pct3ResTime" : 635.0,
    "throughput" : 0.05859809907766592,
    "receivedKBytesPerSec" : 0.26316497855309573,
    "sentKBytesPerSec" : 0.03565099191932214
  },