{
  "Get policy id-0" : {
    "transaction" : "Get policy id-0",
    "sampleCount" : 30,
    "errorCount" : 0,
    "errorPct" : 0.0,
    "meanResTime" : 0.33333333333333337,
    "medianResTime" : 0.0,
    "minResTime" : 0.0,
    "maxResTime" : 1.0,
    "pct1ResTime" : 1.0,
    "pct2ResTime" : 1.0,
    "pct3ResTime" : 1.0,
    "throughput" : 0.06395961163723814,
    "receivedKBytesPerSec" : 0.13207076837879442,
    "sentKBytesPerSec" : 0.0
  },
  "Requests for Import" : {
    "transaction" : "Requests for Import",
    "sampleCount" : 30,
    "errorCount" : 0,
    "errorPct" : 0.0,
    "meanResTime" : 252869.60000000003,
    "medianResTime" : 300740.0,
    "minResTime" : 63013.0,
    "maxResTime" : 374548.0,
    "pct1ResTime" : 361856.0,
    "pct2ResTime" : 371465.8,
    "pct3ResTime" : 374548.0,
    "throughput" : 0.05416570372082274,
    "receivedKBytesPerSec" : 34.038900750488395,
    "sentKBytesPerSec" : 0.19185449940959384
  },
  "Import Policy-0" : {
    "transaction" : "Import Policy-0",
    "sampleCount" : 30,
    "errorCount" : 0,
    "errorPct" : 0.0,
    "meanResTime" : 0.33333333333333337,
    "medianResTime" : 0.0,
    "minResTime" : 0.0,
    "maxResTime" : 1.0,
    "pct1ResTime" : 1.0,
    "pct2ResTime" : 1.0,
    "pct3ResTime" : 1.0,
    "throughput" : 0.10347682119205298,
    "receivedKBytesPerSec" : 0.1891281431084437,
    "sentKBytesPerSec" : 0.0
  },
  "Get Admin Access Token" : {
    "transaction" : "Get Admin Access Token",
    "sampleCount" : 30,
    "errorCount" : 0,
    "errorPct" : 0.0,
    "meanResTime" : 203.2666666666667,
    "medianResTime" : 202.0,
    "minResTime" : 194.0,
    "maxResTime" : 253.0,
    "pct1ResTime" : 208.60000000000002,
    "pct2ResTime" : 229.34999999999997,
    "pct3ResTime" : 253.0,
    "throughput" : 0.10340370529943989,
    "receivedKBytesPerSec" : 0.14202525850926326,
    "sentKBytesPerSec" : 0.05503419862128393
  },
  "WS read policy import result" : {
    "transaction" : "WS read policy import result",
    "sampleCount" : 3782,
    "errorCount" : 0,
    "errorPct" : 0.0,
    "meanResTime" : 1989.5650449497593,
    "medianResTime" : 14.0,
    "minResTime" : 0.0,
    "maxResTime" : 10026.0,
    "pct1ResTime" : 10006.0,
    "pct2ResTime" : 10010.0,
    "pct3ResTime" : 10013.0,
    "throughput" : 6.846227786416519,
    "receivedKBytesPerSec" : 19.118146531359233,
    "sentKBytesPerSec" : 0.0
  },
  "Get Admin Access Token-0" : {
    "transaction" : "Get Admin Access Token-0",
    "sampleCount" : 30,
    "errorCount" : 0,
    "errorPct" : 0.0,
    "meanResTime" : 0.16666666666666666,
    "medianResTime" : 0.0,
    "minResTime" : 0.0,
    "maxResTime" : 1.0,
    "pct1ResTime" : 1.0,
    "pct2ResTime" : 1.0,
    "pct3ResTime" : 1.0,
    "throughput" : 0.10347467974586617,
    "receivedKBytesPerSec" : 0.09169904561853714,
    "sentKBytesPerSec" : 0.0
  },
  "Import Policy" : {
    "transaction" : "Import Policy",
    "sampleCount" : 30,
    "errorCount" : 0,
    "errorPct" : 0.0,
    "meanResTime" : 234.40000000000006,
    "medianResTime" : 229.5,
    "minResTime" : 214.0,
    "maxResTime" : 283.0,
    "pct1ResTime" : 250.8,
    "pct2ResTime" : 276.95,
    "pct3ResTime" : 283.0,
    "throughput" : 0.10339729030167882,
    "receivedKBytesPerSec" : 0.23118987878391004,
    "sentKBytesPerSec" : 0.0699143396532055
  },
  "Get SR Access Token-0" : {
    "transaction" : "Get SR Access Token-0",
    "sampleCount" : 60,
    "errorCount" : 0,
    "errorPct" : 0.0,
    "meanResTime" : 0.3666666666666668,
    "medianResTime" : 0.0,
    "minResTime" : 0.0,
    "maxResTime" : 10.0,
    "pct1ResTime" : 1.0,
    "pct2ResTime" : 1.0,
    "pct3ResTime" : 10.0,
    "throughput" : 0.10821378715790916,
    "receivedKBytesPerSec" : 0.19200197535250643,
    "sentKBytesPerSec" : 0.0
  },
  "Get policy id" : {
    "transaction" : "Get policy id",
    "sampleCount" : 30,
    "errorCount" : 0,
    "errorPct" : 0.0,
    "meanResTime" : 598.5333333333332,
    "medianResTime" : 596.0,
    "minResTime" : 584.0,
    "maxResTime" : 629.0,
    "pct1ResTime" : 611.9,
    "pct2ResTime" : 624.05,
    "pct3ResTime" : 629.0,
    "throughput" : 0.06387912366359551,
    "receivedKBytesPerSec" : 0.32510148795772054,
    "sentKBytesPerSec" : 0.04007416898583374
  },
  "Get Tenant Id" : {
    "transaction" : "Get Tenant Id",
    "sampleCount" : 30,
    "errorCount" : 0,
    "errorPct" : 0.0,
    "meanResTime" : 232.89999999999998,
    "medianResTime" : 231.5,
    "minResTime" : 222.0,
    "maxResTime" : 269.0,
    "pct1ResTime" : 245.5,
    "pct2ResTime" : 260.75,
    "pct3ResTime" : 269.0,
    "throughput" : 0.10339443944704653,
    "receivedKBytesPerSec" : 0.1925014636775334,
    "sentKBytesPerSec" : 0.04695157650671547
  },
  "Dry Run Policy-0" : {
    "transaction" : "Dry Run Policy-0",
    "sampleCount" : 30,
    "errorCount" : 0,
    "errorPct" : 0.0,
    "meanResTime" : 0.33333333333333337,
    "medianResTime" : 0.0,
    "minResTime" : 0.0,
    "maxResTime" : 1.0,
    "pct1ResTime" : 1.0,
    "pct2ResTime" : 1.0,
    "pct3ResTime" : 1.0,
    "throughput" : 0.05900923494526893,
    "receivedKBytesPerSec" : 0.12491824762241958,
    "sentKBytesPerSec" : 0.0
  },
  "Policy import and dry run" : {
    "transaction" : "Policy import and dry run",
    "sampleCount" : 30,
    "errorCount" : 16,
    "errorPct" : 53.333332,
    "meanResTime" : 328680.6333333334,
    "medianResTime" : 366160.5,
    "minResTime" : 133251.0,
    "maxResTime" : 475208.0,
    "pct1ResTime" : 462509.4,
    "pct2ResTime" : 472114.8,
    "pct3ResTime" : 475208.0,
    "throughput" : 0.045836656490928926,
    "receivedKBytesPerSec" : 29.459356397956906,
    "sentKBytesPerSec" : 0.26439335471613357
  },
  "WS open for policy import" : {
    "transaction" : "WS open for policy import",
    "sampleCount" : 30,
    "errorCount" : 0,
    "errorPct" : 0.0,
    "meanResTime" : 762.8666666666667,
    "medianResTime" : 762.5,
    "minResTime" : 749.0,
    "maxResTime" : 777.0,
    "pct1ResTime" : 771.7,
    "pct2ResTime" : 774.25,
    "pct3ResTime" : 777.0,
    "throughput" : 0.10320343461030383,
    "receivedKBytesPerSec" : 0.2118156429745982,
    "sentKBytesPerSec" : 0.06222441457851718
  },
  "Dry Run Policy" : {
    "transaction" : "Dry Run Policy",
    "sampleCount" : 30,
    "errorCount" : 16,
    "errorPct" : 53.333332,
    "meanResTime" : 75399.80000000002,
    "medianResTime" : 100234.5,
    "minResTime" : 12896.0,
    "maxResTime" : 111964.0,
    "pct1ResTime" : 100249.0,
    "pct2ResTime" : 105542.74999999999,
    "pct3ResTime" : 111964.0,
    "throughput" : 0.05269934846038853,
    "receivedKBytesPerSec" : 0.45855638149585337,
    "sentKBytesPerSec" : 0.03398696262035213
  },
  "WS PP policy import" : {
    "transaction" : "WS PP policy import",
    "sampleCount" : 3782,
    "errorCount" : 0,
    "errorPct" : 0.0,
    "meanResTime" : 0.35933368588048675,
    "medianResTime" : 0.0,
    "minResTime" : 0.0,
    "maxResTime" : 85.0,
    "pct1ResTime" : 1.0,
    "pct2ResTime" : 1.0,
    "pct3ResTime" : 1.0,
    "throughput" : 6.846227786416519,
    "receivedKBytesPerSec" : 14.285152028525344,
    "sentKBytesPerSec" : 0.04011461593603429
  },
  "WS PP policy import-0" : {
    "transaction" : "WS PP policy import-0",
    "sampleCount" : 3782,
    "errorCount" : 0,
    "errorPct" : 0.0,
    "meanResTime" : 0.22342675832892608,
    "medianResTime" : 0.0,
    "minResTime" : 0.0,
    "maxResTime" : 85.0,
    "pct1ResTime" : 1.0,
    "pct2ResTime" : 1.0,
    "pct3ResTime" : 1.0,
    "throughput" : 6.846227786416519,
    "receivedKBytesPerSec" : 14.285152028525344,
    "sentKBytesPerSec" : 0.0
  },
  "Login by SR-0" : {
    "transaction" : "Login by SR-0",
    "sampleCount" : 60,
    "errorCount" : 0,
    "errorPct" : 0.0,
    "meanResTime" : 0.28333333333333327,
    "medianResTime" : 0.0,
    "minResTime" : 0.0,
    "maxResTime" : 2.0,
    "pct1ResTime" : 1.0,
    "pct2ResTime" : 1.0,
    "pct3ResTime" : 2.0,
    "throughput" : 0.10821320164989061,