{
  "Get policy id-0" : {
    "transaction" : "Get policy id-0",
    "sampleCount" : 50,
    "errorCount" : 0,
    "errorPct" : 0.0,
    "meanResTime" : 0.7599999999999998,
    "medianResTime" : 1.0,
    "minResTime" : 0.0,
    "maxResTime" : 2.0,
    "pct1ResTime" : 1.0,
    "pct2ResTime" : 2.0,
    "pct3ResTime" : 2.0,
    "throughput" : 0.10212022000780198,
    "receivedKBytesPerSec" : 0.4902927390991771,
    "sentKBytesPerSec" : 0.0
  },
  "Dry Run Policy" : {
    "transaction" : "Dry Run Policy",
    "sampleCount" : 50,
    "errorCount" : 0,
    "errorPct" : 0.0,
    "meanResTime" : 12922.699999999999,
    "medianResTime" : 11461.5,
    "minResTime" : 8486.0,
    "maxResTime" : 35610.0,
    "pct1ResTime" : 15928.899999999998,
    "pct2ResTime" : 28872.549999999956,
    "pct3ResTime" : 35610.0,
    "throughput" : 0.09926070625977718,
    "receivedKBytesPerSec" : 1.8035767261684972,
    "sentKBytesPerSec" : 0.07830157549074493
  },
  "Requests for Import" : {
    "transaction" : "Requests for Import",
    "sampleCount" : 50,
    "errorCount" : 0,
    "errorPct" : 0.0,
    "meanResTime" : 42980.719999999994,
    "medianResTime" : 42986.5,
    "minResTime" : 42776.0,
    "maxResTime" : 43211.0,
    "pct1ResTime" : 43135.7,
    "pct2ResTime" : 43169.35,
    "pct3ResTime" : 43211.0,
    "throughput" : 0.0938399690703462,
    "receivedKBytesPerSec" : 5.201476173093453,
    "sentKBytesPerSec" : 0.522655637107702
  },
  "Get policy import result" : {
    "transaction" : "Get policy import result",
    "sampleCount" : 200,
    "errorCount" : 0,
    "errorPct" : 0.0,
    "meanResTime" : 266.85499999999996,
    "medianResTime" : 262.5,
    "minResTime" : 219.0,
    "maxResTime" : 452.0,
    "pct1ResTime" : 301.0,
    "pct2ResTime" : 316.0,
    "pct3ResTime" : 381.82000000000016,
    "throughput" : 0.38404080049464456,
    "receivedKBytesPerSec" : 3.0163217040178347,
    "sentKBytesPerSec" : 0.28794809160525214
  },
  "Get Admin Access Token" : {
    "transaction" : "Get Admin Access Token",
    "sampleCount" : 1,
    "errorCount" : 0,
    "errorPct" : 0.0,
    "meanResTime" : 256.0,
    "medianResTime" : 256.0,
    "minResTime" : 256.0,
    "maxResTime" : 256.0,
    "pct1ResTime" : 256.0,
    "pct2ResTime" : 256.0,
    "pct3ResTime" : 256.0,
    "throughput" : 3.90625,
    "receivedKBytesPerSec" : 18.402099609375,
    "sentKBytesPerSec" : 2.567291259765625
  },
  "Import Policy i-Rec" : {
    "transaction" : "Import Policy i-Rec",
    "sampleCount" : 50,
    "errorCount" : 0,
    "errorPct" : 0.0,
    "meanResTime" : 254.83999999999992,
    "medianResTime" : 256.5,
    "minResTime" : 205.0,
    "maxResTime" : 321.0,
    "pct1ResTime" : 292.8,
    "pct2ResTime" : 304.59999999999997,
    "pct3ResTime" : 321.0,
    "throughput" : 0.10203831742896093,
    "receivedKBytesPerSec" : 0.5087407298188615,
    "sentKBytesPerSec" : 0.08148915549517155
  },
  "Get policy import result-0" : {
    "transaction" : "Get policy import result-0",
    "sampleCount" : 200,
    "errorCount" : 0,
    "errorPct" : 0.0,
    "meanResTime" : 0.8799999999999999,
    "medianResTime" : 1.0,
    "minResTime" : 0.0,
    "maxResTime" : 23.0,
    "pct1ResTime" : 1.0,
    "pct2ResTime" : 1.9499999999999886,
    "pct3ResTime" : 2.990000000000009,
    "throughput" : 0.3842318916312373,
    "receivedKBytesPerSec" : 1.8492623167934312,
    "sentKBytesPerSec" : 0.0
  },
  "Get Admin Access Token-0" : {
    "transaction" : "Get Admin Access Token-0",
    "sampleCount" : 1,
    "errorCount" : 0,
    "errorPct" : 0.0,
    "meanResTime" : 1.0,
    "medianResTime" : 1.0,
    "minResTime" : 1.0,
    "maxResTime" : 1.0,
    "pct1ResTime" : 1.0,
    "pct2ResTime" : 1.0,
    "pct3ResTime" : 1.0,
    "throughput" : 1000.0,
    "receivedKBytesPerSec" : 4115.234375,
    "sentKBytesPerSec" : 0.0
  },
  "Login by SR-0" : {
    "transaction" : "Login by SR-0",
    "sampleCount" : 100,
    "errorCount" : 0,
    "errorPct" : 0.0,
    "meanResTime" : 0.6799999999999998,
    "medianResTime" : 1.0,
    "minResTime" : 0.0,
    "maxResTime" : 2.0,
    "pct1ResTime" : 1.0,
    "pct2ResTime" : 1.9499999999999886,
    "pct3ResTime" : 2.0,
    "throughput" : 0.1878911659210519,
    "receivedKBytesPerSec" : 0.8074732947937238,
    "sentKBytesPerSec" : 0.0
  },
  "Login by Admin" : {
    "transaction" : "Login by Admin",
    "sampleCount" : 1,
    "errorCount" : 0,
    "errorPct" : 0.0,
    "meanResTime" : 884.0,
    "medianResTime" : 884.0,
    "minResTime" : 884.0,
    "maxResTime" : 884.0,
    "pct1ResTime" : 884.0,
    "pct2ResTime" : 884.0,
    "pct3ResTime" : 884.0,
    "throughput" : 1.1312217194570138,
    "receivedKBytesPerSec" : 4.569075226244344,
    "sentKBytesPerSec" : 0.40100926187782804
  },
  "Get SR Access Token" : {
    "transaction" : "Get SR Access Token",
    "sampleCount" : 100,
    "errorCount" : 0,
    "errorPct" : 0.0,
    "meanResTime" : 253.6400000000001,
    "medianResTime" : 249.5,
    "minResTime" : 197.0,
    "maxResTime" : 348.0,
    "pct1ResTime" : 303.8,
    "pct2ResTime" : 328.69999999999993,
    "pct3ResTime" : 347.99,
    "throughput" : 0.18780506585384635,
    "receivedKBytesPerSec" : 0.9761443402830599,
    "sentKBytesPerSec" : 0.16611027948680387
  },
  "Requests for DryRun" : {
    "transaction" : "Requests for DryRun",
    "sampleCount" : 50,
    "errorCount" : 0,
    "errorPct" : 0.0,
    "meanResTime" : 13752.24,
    "medianResTime" : 12325.0,
    "minResTime" : 9369.0,
    "maxResTime" : 36564.0,
    "pct1ResTime" : 16804.3,
    "pct2ResTime" : 29714.899999999954,
    "pct3ResTime" : 36564.0,
    "throughput" : 0.09909427829637117,
    "receivedKBytesPerSec" : 2.903880408070238,
    "sentKBytesPerSec" : 0.27153961231840973
  },
  "Get SR Access Token-0" : {
    "transaction" : "Get SR Access Token-0",
    "sampleCount" : 100,
    "errorCount" : 0,
    "errorPct" : 0.0,
    "meanResTime" : 0.7,
    "medianResTime" : 1.0,
    "minResTime" : 0.0,
    "maxResTime" : 2.0,
    "pct1ResTime" : 1.0,
    "pct2ResTime" : 1.9499999999999886,
    "pct3ResTime" : 2.0,
    "throughput" : 0.18792718197552813,
    "receivedKBytesPerSec" : 0.8433984733970281,
    "sentKBytesPerSec" : 0.0
  },
  "Get tenant" : {
    "transaction" : "Get tenant",
    "sampleCount" : 1,
    "errorCount" : 0,
    "errorPct" : 0.0,
    "meanResTime" : 1459.0,
    "medianResTime" : 1459.0,
    "minResTime" : 1459.0,
    "maxResTime" : 1459.0,
    "pct1ResTime" : 1459.0,
    "pct2ResTime" : 1459.0,
    "pct3ResTime" : 1459.0,
    "throughput" : 0.6854009595613434,
    "receivedKBytesPerSec" : 9.56013857950651,
    "sentKBytesPerSec" : 1.1693315198766279
  },
  "Import Policy i-Rec-0" : {
    "transaction" : "Import Policy i-Rec-0",
    "sampleCount" : 50,
    "errorCount" : 0,
    "errorPct" : 0.0,
    "meanResTime" : 0.7199999999999998,
    "medianResTime" : 1.0,
    "minResTime" : 0.0,
    "maxResTime" : 2.0,
    "pct1ResTime" : 1.8999999999999986,
    "pct2ResTime" : 2.0,
    "pct3ResTime" : 2.0,
    "throughput" : 0.1020985332524713,
    "receivedKBytesPerSec" : 0.4738448763382565,
    "sentKBytesPerSec" : 0.0
  },
  "Total" : {
    "transaction" : "Total",
    "sampleCount" : 1106,
    "errorCount" : 0,
    "errorPct" : 0.0,
    "meanResTime" : 754.2070524412295,
    "medianResTime" : 110.0,
    "minResTime" : 0.0,
    "maxResTime" : 35610.0,
    "pct1ResTime" : 599.6000000000001,
    "pct2ResTime" : 1126.6499999999999,
    "pct3ResTime" : 12855.280000000006,
    "throughput" : 2.0136733151872117,
    "receivedKBytesPerSec" : 12.41440665140329,
    "sentKBytesPerSec" : 0.759586739524256
  },
  "Login by SR" : {
    "transaction" : "Login by SR",
    "sampleCount" : 100,
    "errorCount" : 0,
    "errorPct" : 0.0,
    "meanResTime" : 814.0999999999997,
    "medianResTime" : 815.0,
    "minResTime" : 511.0,
    "maxResTime" : 1241.0,
    "pct1ResTime" : 1096.8,
    "pct2ResTime" : 1126.95,
    "pct3ResTime" : 1239.9999999999995,
    "throughput" : 0.18749484389179297,