{
  "Get policy id-0" : {
    "transaction" : "Get policy id-0",
    "sampleCount" : 50,
    "errorCount" : 0,
    "errorPct" : 0.0,
    "meanResTime" : 0.7599999999999999,
    "medianResTime" : 1.0,
    "minResTime" : 0.0,
    "maxResTime" : 3.0,
    "pct1ResTime" : 1.0,
    "pct2ResTime" : 1.4499999999999957,
    "pct3ResTime" : 3.0,
    "throughput" : 0.09994403134244823,
    "receivedKBytesPerSec" : 0.4798640886103782,
    "sentKBytesPerSec" : 0.0
  },
  "Dry Run Policy" : {
    "transaction" : "Dry Run Policy",
    "sampleCount" : 50,
    "errorCount" : 0,
    "errorPct" : 0.0,
    "meanResTime" : 10058.780000000002,
    "medianResTime" : 9824.5,
    "minResTime" : 8518.0,
    "maxResTime" : 13315.0,
    "pct1ResTime" : 11603.199999999999,
    "pct2ResTime" : 12660.249999999995,
    "pct3ResTime" : 13315.0,
    "throughput" : 0.09764423518199909,
    "receivedKBytesPerSec" : 2.8479962731636537,
    "sentKBytesPerSec" : 0.07702261184170697
  },
  "Requests for Import" : {
    "transaction" : "Requests for Import",
    "sampleCount" : 50,
    "errorCount" : 0,
    "errorPct" : 0.0,
    "meanResTime" : 80254.07999999999,
    "medianResTime" : 74645.0,
    "minResTime" : 74259.0,
    "maxResTime" : 105148.0,
    "pct1ResTime" : 95007.6,
    "pct2ResTime" : 95324.3,
    "pct3ResTime" : 105148.0,
    "throughput" : 0.08701690390375234,
    "receivedKBytesPerSec" : 8.326319521611518,
    "sentKBytesPerSec" : 0.7169020192925177
  },
  "Get policy import result" : {
    "transaction" : "Get policy import result",
    "sampleCount" : 378,
    "errorCount" : 0,
    "errorPct" : 0.0,
    "meanResTime" : 343.14814814814815,
    "medianResTime" : 269.0,
    "minResTime" : 212.0,
    "maxResTime" : 1137.0,
    "pct1ResTime" : 764.5000000000001,
    "pct2ResTime" : 808.1,
    "pct3ResTime" : 881.0999999999998,
    "throughput" : 0.6715964451582871,
    "receivedKBytesPerSec" : 6.128865843724127,
    "sentKBytesPerSec" : 0.5035394426326937
  },
  "Import Policy-0" : {
    "transaction" : "Import Policy-0",
    "sampleCount" : 50,
    "errorCount" : 0,
    "errorPct" : 0.0,
    "meanResTime" : 0.76,
    "medianResTime" : 1.0,
    "minResTime" : 0.0,
    "maxResTime" : 3.0,
    "pct1ResTime" : 1.8999999999999986,
    "pct2ResTime" : 2.0,
    "pct3ResTime" : 3.0,
    "throughput" : 0.10203165430043017,
    "receivedKBytesPerSec" : 0.473536480270139,
    "sentKBytesPerSec" : 0.0
  },
  "Get Admin Access Token" : {
    "transaction" : "Get Admin Access Token",
    "sampleCount" : 1,
    "errorCount" : 0,
    "errorPct" : 0.0,
    "meanResTime" : 233.0,
    "medianResTime" : 233.0,
    "minResTime" : 233.0,
    "maxResTime" : 233.0,
    "pct1ResTime" : 233.0,
    "pct2ResTime" : 233.0,
    "pct3ResTime" : 233.0,
    "throughput" : 4.291845493562231,
    "receivedKBytesPerSec" : 20.218615879828324,
    "sentKBytesPerSec" : 2.820714860515021
  },
  "Get policy import result-0" : {
    "transaction" : "Get policy import result-0",
    "sampleCount" : 378,
    "errorCount" : 0,
    "errorPct" : 0.0,
    "meanResTime" : 0.7804232804232815,
    "medianResTime" : 1.0,
    "minResTime" : 0.0,
    "maxResTime" : 9.0,
    "pct1ResTime" : 1.0,
    "pct2ResTime" : 2.0,
    "pct3ResTime" : 2.0,
    "throughput" : 0.6719235500316408,
    "receivedKBytesPerSec" : 3.2376351012951416,
    "sentKBytesPerSec" : 0.0
  },
  "Get Admin Access Token-0" : {
    "transaction" : "Get Admin Access Token-0",
    "sampleCount" : 1,
    "errorCount" : 0,
    "errorPct" : 0.0,
    "meanResTime" : 1.0,
    "medianResTime" : 1.0,
    "minResTime" : 1.0,
    "maxResTime" : 1.0,
    "pct1ResTime" : 1.0,
    "pct2ResTime" : 1.0,
    "pct3ResTime" : 1.0,
    "throughput" : 1000.0,
    "receivedKBytesPerSec" : 4115.234375,
    "sentKBytesPerSec" : 0.0
  },
  "Import Policy" : {
    "transaction" : "Import Policy",
    "sampleCount" : 50,
    "errorCount" : 0,
    "errorPct" : 0.0,
    "meanResTime" : 279.8399999999999,
    "medianResTime" : 279.5,
    "minResTime" : 203.0,
    "maxResTime" : 420.0,
    "pct1ResTime" : 329.3,
    "pct2ResTime" : 373.4,
    "pct3ResTime" : 420.0,
    "throughput" : 0.10197630070771553,
    "receivedKBytesPerSec" : 0.508433519737513,
    "sentKBytesPerSec" : 0.081435644668679
  },
  "Login by SR-0" : {
    "transaction" : "Login by SR-0",
    "sampleCount" : 100,
    "errorCount" : 0,
    "errorPct" : 0.0,
    "meanResTime" : 0.82,
    "medianResTime" : 1.0,
    "minResTime" : 0.0,
    "maxResTime" : 7.0,
    "pct1ResTime" : 1.0,
    "pct2ResTime" : 2.0,
    "pct3ResTime" : 6.949999999999974,
    "throughput" : 0.1741565597809807,
    "receivedKBytesPerSec" : 0.7484412171540727,
    "sentKBytesPerSec" : 0.0
  },
  "Login by Admin" : {
    "transaction" : "Login by Admin",
    "sampleCount" : 1,
    "errorCount" : 0,
    "errorPct" : 0.0,
    "meanResTime" : 887.0,
    "medianResTime" : 887.0,
    "minResTime" : 887.0,
    "maxResTime" : 887.0,
    "pct1ResTime" : 887.0,
    "pct2ResTime" : 887.0,
    "pct3ResTime" : 887.0,
    "throughput" : 1.1273957158962795,
    "receivedKBytesPerSec" : 4.552520786358512,
    "sentKBytesPerSec" : 0.39965297350620066
  },
  "Get SR Access Token" : {
    "transaction" : "Get SR Access Token",
    "sampleCount" : 100,
    "errorCount" : 0,
    "errorPct" : 0.0,
    "meanResTime" : 259.9299999999999,
    "medianResTime" : 258.0,
    "minResTime" : 198.0,
    "maxResTime" : 408.0,
    "pct1ResTime" : 301.8,
    "pct2ResTime" : 325.0499999999998,
    "pct3ResTime" : 407.6999999999998,
    "throughput" : 0.17408955514895974,
    "receivedKBytesPerSec" : 0.9048627646596462,
    "sentKBytesPerSec" : 0.15397575117466927
  },
  "Requests for DryRun" : {
    "transaction" : "Requests for DryRun",
    "sampleCount" : 50,
    "errorCount" : 0,
    "errorPct" : 0.0,
    "meanResTime" : 10956.52,
    "medianResTime" : 10755.0,
    "minResTime" : 9356.0,
    "maxResTime" : 14212.0,
    "pct1ResTime" : 12542.5,
    "pct2ResTime" : 13485.749999999996,
    "pct3ResTime" : 14212.0,
    "throughput" : 0.09749173270106695,
    "receivedKBytesPerSec" : 3.9290405966542785,
    "sentKBytesPerSec" : 0.267136868277945
  },
  "Get SR Access Token-0" : {
    "transaction" : "Get SR Access Token-0",
    "sampleCount" : 100,
    "errorCount" : 0,
    "errorPct" : 0.0,
    "meanResTime" : 0.7899999999999999,
    "medianResTime" : 1.0,
    "minResTime" : 0.0,
    "maxResTime" : 5.0,
    "pct1ResTime" : 1.0,
    "pct2ResTime" : 2.0,
    "pct3ResTime" : 4.969999999999985,
    "throughput" : 0.17416747944823743,
    "receivedKBytesPerSec" : 0.7816599058842484,
    "sentKBytesPerSec" : 0.0
  },
  "Get tenant" : {
    "transaction" : "Get tenant",
    "sampleCount" : 1,
    "errorCount" : 0,
    "errorPct" : 0.0,
    "meanResTime" : 1379.0,
    "medianResTime" : 1379.0,
    "minResTime" : 1379.0,
    "maxResTime" : 1379.0,
    "pct1ResTime" : 1379.0,
    "pct2ResTime" : 1379.0,
    "pct3ResTime" : 1379.0,
    "throughput" : 0.7251631617113851,
    "receivedKBytesPerSec" : 10.114043237853517,
    "sentKBytesPerSec" : 1.237168011240029
  },
  "Total" : {
    "transaction" : "Total",
    "sampleCount" : 1462,
    "errorCount" : 0,
    "errorPct" : 0.0,
    "meanResTime" : 528.7688098495219,
    "medianResTime" : 103.5,
    "minResTime" : 0.0,
    "maxResTime" : 13315.0,
    "pct1ResTime" : 756.7,
    "pct2ResTime" : 1080.6999999999998,
    "pct3ResTime" : 10242.439999999999,
    "throughput" : 2.483969730229334,
    "receivedKBytesPerSec" : 17.398091749083378,
    "sentKBytesPerSec" : 0.935555350198106
  },
  "Login by SR" : {
    "transaction" : "Login by SR",
    "sampleCount" : 100,
    "errorCount" : 0,
    "errorPct" : 0.0,
    "meanResTime" : 855.3200000000002,
    "medianResTime" : 954.0,
    "minResTime" : 534.0,
    "maxResTime" : 1259.0,
    "pct1ResTime" : 1121.5,
    "pct2ResTime" : 1152.9,
    "pct3ResTime" : 1258.2699999999995,
    "throughput" : 0.1738592227101871,
    "receivedKBytesPerSec" : 0.8720534121611049,
    "sentKBytesPerSec" : 0.1047043398956497
  },