{
  "Get policy id-0" : {
    "transaction" : "Get policy id-0",
    "sampleCount" : 20,
    "errorCount" : 0,
    "errorPct" : 0.0,
    "meanResTime" : 0.45,
    "medianResTime" : 0.0,
    "minResTime" : 0.0,
    "maxResTime" : 1.0,
    "pct1ResTime" : 1.0,
    "pct2ResTime" : 1.0,
    "pct3ResTime" : 1.0,
    "throughput" : 0.05079352179423036,
    "receivedKBytesPerSec" : 0.07343731349253717,
    "sentKBytesPerSec" : 0.0
  },
  "Dry Run Policy" : {
    "transaction" : "Dry Run Policy",
    "sampleCount" : 20,
    "errorCount" : 2,
    "errorPct" : 10.0,
    "meanResTime" : 37472.6,
    "medianResTime" : 10523.5,
    "minResTime" : 7091.0,
    "maxResTime" : 180205.0,
    "pct1ResTime" : 117549.20000000006,
    "pct2ResTime" : 177207.09999999995,
    "pct3ResTime" : 180205.0,
    "throughput" : 0.04978765564865847,
    "receivedKBytesPerSec" : 0.5022815971133117,
    "sentKBytesPerSec" : 0.031190215916615634
  },
  "WS PP policy import" : {
    "transaction" : "WS PP policy import",
    "sampleCount" : 2751,
    "errorCount" : 0,
    "errorPct" : 0.0,
    "meanResTime" : 0.30243547800799736,
    "medianResTime" : 0.0,
    "minResTime" : 0.0,
    "maxResTime" : 5.0,
    "pct1ResTime" : 1.0,
    "pct2ResTime" : 1.0,
    "pct3ResTime" : 1.0,
    "throughput" : 5.0483918917430985,
    "receivedKBytesPerSec" : 7.3942397253250896,
    "sentKBytesPerSec" : 0.02958042124068222
  },
  "Requests for Import" : {
    "transaction" : "Requests for Import",
    "sampleCount" : 20,
    "errorCount" : 0,
    "errorPct" : 0.0,
    "meanResTime" : 339988.7,
    "medianResTime" : 373446.0,
    "minResTime" : 143669.0,
    "maxResTime" : 411866.0,
    "pct1ResTime" : 405529.0,
    "pct2ResTime" : 411586.7,
    "pct3ResTime" : 411866.0,
    "throughput" : 0.03666065431935829,
    "receivedKBytesPerSec" : 18.49348676218142,
    "sentKBytesPerSec" : 0.11149815310497412
  },
  "WS PP policy import-0" : {
    "transaction" : "WS PP policy import-0",
    "sampleCount" : 2751,
    "errorCount" : 0,
    "errorPct" : 0.0,
    "meanResTime" : 0.16684841875681602,
    "medianResTime" : 0.0,
    "minResTime" : 0.0,
    "maxResTime" : 5.0,
    "pct1ResTime" : 1.0,
    "pct2ResTime" : 1.0,
    "pct3ResTime" : 1.0,
    "throughput" : 5.0483918917430985,
    "receivedKBytesPerSec" : 7.3942397253250896,
    "sentKBytesPerSec" : 0.0
  },
  "Import Policy-0" : {
    "transaction" : "Import Policy-0",
    "sampleCount" : 20,
    "errorCount" : 0,
    "errorPct" : 0.0,
    "meanResTime" : 0.05000000000000001,
    "medianResTime" : 0.0,
    "minResTime" : 0.0,
    "maxResTime" : 1.0,
    "pct1ResTime" : 0.0,
    "pct2ResTime" : 0.9499999999999993,
    "pct3ResTime" : 1.0,
    "throughput" : 0.10664164142814486,
    "receivedKBytesPerSec" : 0.1288812142083991,
    "sentKBytesPerSec" : 0.0
  },
  "WS read policy import result" : {
    "transaction" : "WS read policy import result",
    "sampleCount" : 2751,
    "errorCount" : 0,
    "errorPct" : 0.0,
    "meanResTime" : 2456.650308978557,
    "medianResTime" : 10.0,
    "minResTime" : 0.0,
    "maxResTime" : 10018.0,
    "pct1ResTime" : 10008.0,
    "pct2ResTime" : 10012.0,
    "pct3ResTime" : 10015.0,
    "throughput" : 5.0483918917430985,
    "receivedKBytesPerSec" : 10.783697938458616,
    "sentKBytesPerSec" : 0.0
  },
  "Import Policy" : {
    "transaction" : "Import Policy",
    "sampleCount" : 20,
    "errorCount" : 0,
    "errorPct" : 0.0,
    "meanResTime" : 234.70000000000005,
    "medianResTime" : 230.0,
    "minResTime" : 221.0,
    "maxResTime" : 321.0,
    "pct1ResTime" : 242.70000000000002,
    "pct2ResTime" : 317.0999999999999,
    "pct3ResTime" : 321.0,
    "throughput" : 0.10645942565139861,
    "receivedKBytesPerSec" : 0.17211806849333297,
    "sentKBytesPerSec" : 0.07001994450802437
  },
  "Login by SR-0" : {
    "transaction" : "Login by SR-0",
    "sampleCount" : 40,
    "errorCount" : 0,
    "errorPct" : 0.0,
    "meanResTime" : 0.22500000000000006,
    "medianResTime" : 0.0,
    "minResTime" : 0.0,
    "maxResTime" : 1.0,
    "pct1ResTime" : 1.0,
    "pct2ResTime" : 1.0,
    "pct3ResTime" : 1.0,
    "throughput" : 0.07300988736399627,
    "receivedKBytesPerSec" : 0.08555667928672991,
    "sentKBytesPerSec" : 0.0
  },
  "WS open for policy import-0" : {
    "transaction" : "WS open for policy import-0",
    "sampleCount" : 20,
    "errorCount" : 0,
    "errorPct" : 0.0,
    "meanResTime" : 0.25,
    "medianResTime" : 0.0,
    "minResTime" : 0.0,
    "maxResTime" : 1.0,
    "pct1ResTime" : 1.0,
    "pct2ResTime" : 1.0,
    "pct3ResTime" : 1.0,
    "throughput" : 0.10659333045531341,
    "receivedKBytesPerSec" : 0.128848851989831,
    "sentKBytesPerSec" : 0.0
  },
  "Login by Admin" : {
    "transaction" : "Login by Admin",
    "sampleCount" : 20,
    "errorCount" : 0,
    "errorPct" : 0.0,
    "meanResTime" : 704.6,
    "medianResTime" : 607.0,
    "minResTime" : 602.0,
    "maxResTime" : 1932.0,
    "pct1ResTime" : 1046.6000000000008,
    "pct2ResTime" : 1889.4999999999995,
    "pct3ResTime" : 1932.0,
    "throughput" : 0.10493124380249841,
    "receivedKBytesPerSec" : 0.11345178376556261,
    "sentKBytesPerSec" : 0.038631913001505765
  },
  "Requests for DryRun" : {
    "transaction" : "Requests for DryRun",
    "sampleCount" : 20,
    "errorCount" : 2,
    "errorPct" : 10.0,
    "meanResTime" : 37700.19999999999,
    "medianResTime" : 10735.0,
    "minResTime" : 7303.0,
    "maxResTime" : 180418.0,
    "pct1ResTime" : 117770.70000000006,
    "pct2ResTime" : 177420.54999999996,
    "pct3ResTime" : 180418.0,
    "throughput" : 0.049761641736084154,
    "receivedKBytesPerSec" : 0.6153799666783607,
    "sentKBytesPerSec" : 0.06567904969570756
  },
  "WS read policy import result-0" : {
    "transaction" : "WS read policy import result-0",
    "sampleCount" : 2751,
    "errorCount" : 0,
    "errorPct" : 0.0,
    "meanResTime" : 0.25081788440567077,
    "medianResTime" : 0.0,
    "minResTime" : 0.0,
    "maxResTime" : 10.0,
    "pct1ResTime" : 1.0,
    "pct2ResTime" : 1.0,
    "pct3ResTime" : 1.0,
    "throughput" : 5.0483918917430985,
    "receivedKBytesPerSec" : 7.395952974004727,
    "sentKBytesPerSec" : 0.0
  },
  "Get tenant" : {
    "transaction" : "Get tenant",
    "sampleCount" : 20,
    "errorCount" : 0,
    "errorPct" : 0.0,
    "meanResTime" : 981.8999999999999,
    "medianResTime" : 860.0,
    "minResTime" : 839.0,
    "maxResTime" : 2188.0,
    "pct1ResTime" : 1500.1000000000004,
    "pct2ResTime" : 2154.5999999999995,
    "pct3ResTime" : 2188.0,
    "throughput" : 0.1047998323202683,
    "receivedKBytesPerSec" : 0.2713333158666946,
    "sentKBytesPerSec" : 0.08412642789771536
  },
  "Total" : {
    "transaction" : "Total",
    "sampleCount" : 11324,
    "errorCount" : 2,
    "errorPct" : 0.017661603,
    "meanResTime" : 668.8979159307661,
    "medianResTime" : 0.0,
    "minResTime" : 0.0,
    "maxResTime" : 180205.0,
    "pct1ResTime" : 175.0,
    "pct2ResTime" : 8858.0,
    "pct3ResTime" : 10013.0,
    "throughput" : 20.285327352589228,
    "receivedKBytesPerSec" : 33.371993641018314,
    "sentKBytesPerSec" : 0.18501009765583015
  },
  "Login by SR" : {
    "transaction" : "Login by SR",
    "sampleCount" : 40,
    "errorCount" : 0,
    "errorPct" : 0.0,
    "meanResTime" : 229.99999999999994,
    "medianResTime" : 213.0,
    "minResTime" : 206.0,
    "maxResTime" : 562.0,
    "pct1ResTime" : 278.7,
    "pct2ResTime" : 315.7999999999999,
    "pct3ResTime" : 562.0,
    "throughput" : 0.07297978277567657,
    "receivedKBytesPerSec" : 0.1424655871816485,
    "sentKBytesPerSec" : 0.03932641028868978
  },
  "Get policy id" : {
    "transaction" : "Get policy id",
    "sampleCount" : 20,
    "errorCount" : 0,
    "errorPct" : 0.0,
    "meanResTime" : 621.6499999999999,
    "medianResTime" : 606.5,
    "minResTime" : 594.0,
    "maxResTime" : 715.0,
    "pct1ResTime" : 693.5000000000001,
    "pct2ResTime" : 714.1,
    "pct3ResTime" : 715.0,
    "throughput" : 0.050717011753667475,