{
  "Get policy id-0" : {
    "transaction" : "Get policy id-0",
    "sampleCount" : 10,
    "errorCount" : 0,
    "errorPct" : 0.0,
    "meanResTime" : 0.19999999999999998,
    "medianResTime" : 0.0,
    "minResTime" : 0.0,
    "maxResTime" : 1.0,
    "pct1ResTime" : 1.0,
    "pct2ResTime" : 1.0,
    "pct3ResTime" : 1.0,
    "throughput" : 0.07280086778634401,
    "receivedKBytesPerSec" : 0.15008780467163169,
    "sentKBytesPerSec" : 0.0
  },
  "Requests for Import" : {
    "transaction" : "Requests for Import",
    "sampleCount" : 10,
    "errorCount" : 0,
    "errorPct" : 0.0,
    "meanResTime" : 118350.7,
    "medianResTime" : 125439.5,
    "minResTime" : 65646.0,
    "maxResTime" : 156382.0,
    "pct1ResTime" : 155008.7,
    "pct2ResTime" : 156382.0,
    "pct3ResTime" : 156382.0,
    "throughput" : 0.04920799728371855,
    "receivedKBytesPerSec" : 28.483136188668382,
    "sentKBytesPerSec" : 0.17061335308214293
  },
  "Import Policy-0" : {
    "transaction" : "Import Policy-0",
    "sampleCount" : 10,
    "errorCount" : 0,
    "errorPct" : 0.0,
    "meanResTime" : 0.20000000000000004,
    "medianResTime" : 0.0,
    "minResTime" : 0.0,
    "maxResTime" : 1.0,
    "pct1ResTime" : 1.0,
    "pct2ResTime" : 1.0,
    "pct3ResTime" : 1.0,
    "throughput" : 0.11144668947608911,
    "receivedKBytesPerSec" : 0.20330314056770943,
    "sentKBytesPerSec" : 0.0
  },
  "Get Admin Access Token" : {
    "transaction" : "Get Admin Access Token",
    "sampleCount" : 10,
    "errorCount" : 0,
    "errorPct" : 0.0,
    "meanResTime" : 265.0,
    "medianResTime" : 203.5,
    "minResTime" : 196.0,
    "maxResTime" : 819.0,
    "pct1ResTime" : 758.3000000000002,
    "pct2ResTime" : 819.0,
    "pct3ResTime" : 819.0,
    "throughput" : 0.11115063133558599,
    "receivedKBytesPerSec" : 0.15248477236350702,
    "sentKBytesPerSec" : 0.05915731843544371
  },
  "WS read policy import result" : {
    "transaction" : "WS read policy import result",
    "sampleCount" : 1141,
    "errorCount" : 0,
    "errorPct" : 0.0,
    "meanResTime" : 1019.064855390008,
    "medianResTime" : 2.0,
    "minResTime" : 0.0,
    "maxResTime" : 10020.0,
    "pct1ResTime" : 3663.9999999999995,
    "pct2ResTime" : 9290.799999999992,
    "pct3ResTime" : 10013.0,
    "throughput" : 5.660480322265383,
    "receivedKBytesPerSec" : 16.237143499191358,
    "sentKBytesPerSec" : 0.0
  },
  "Get Admin Access Token-0" : {
    "transaction" : "Get Admin Access Token-0",
    "sampleCount" : 10,
    "errorCount" : 0,
    "errorPct" : 0.0,
    "meanResTime" : 0.20000000000000004,
    "medianResTime" : 0.0,
    "minResTime" : 0.0,
    "maxResTime" : 1.0,
    "pct1ResTime" : 1.0,
    "pct2ResTime" : 1.0,
    "pct3ResTime" : 1.0,
    "throughput" : 0.11141192330403199,
    "receivedKBytesPerSec" : 0.0985516798132736,
    "sentKBytesPerSec" : 0.0
  },
  "Import Policy" : {
    "transaction" : "Import Policy",
    "sampleCount" : 10,
    "errorCount" : 0,
    "errorPct" : 0.0,
    "meanResTime" : 226.2,
    "medianResTime" : 226.0,
    "minResTime" : 219.0,
    "maxResTime" : 235.0,
    "pct1ResTime" : 234.3,
    "pct2ResTime" : 235.0,
    "pct3ResTime" : 235.0,
    "throughput" : 0.1111753457553253,
    "receivedKBytesPerSec" : 0.2481902738248766,
    "sentKBytesPerSec" : 0.07504335838484458
  },
  "Get SR Access Token-0" : {
    "transaction" : "Get SR Access Token-0",
    "sampleCount" : 20,
    "errorCount" : 0,
    "errorPct" : 0.0,
    "meanResTime" : 0.15000000000000002,
    "medianResTime" : 0.0,
    "minResTime" : 0.0,
    "maxResTime" : 1.0,
    "pct1ResTime" : 1.0,
    "pct2ResTime" : 1.0,
    "pct3ResTime" : 1.0,
    "throughput" : 0.09818215735654359,
    "receivedKBytesPerSec" : 0.17391856955960394,
    "sentKBytesPerSec" : 0.0
  },
  "Get policy id" : {
    "transaction" : "Get policy id",
    "sampleCount" : 10,
    "errorCount" : 0,
    "errorPct" : 0.0,
    "meanResTime" : 610.2,
    "medianResTime" : 604.5,
    "minResTime" : 597.0,
    "maxResTime" : 646.0,
    "pct1ResTime" : 643.4,
    "pct2ResTime" : 646.0,
    "pct3ResTime" : 646.0,
    "throughput" : 0.07247374638537189,
    "receivedKBytesPerSec" : 0.36860402202114784,
    "sentKBytesPerSec" : 0.0453810216624028
  },
  "Get Tenant Id" : {
    "transaction" : "Get Tenant Id",
    "sampleCount" : 10,
    "errorCount" : 0,
    "errorPct" : 0.0,
    "meanResTime" : 240.0,
    "medianResTime" : 232.0,
    "minResTime" : 225.0,
    "maxResTime" : 293.0,
    "pct1ResTime" : 289.3,
    "pct2ResTime" : 293.0,
    "pct3ResTime" : 293.0,
    "throughput" : 0.11112098853231399,
    "receivedKBytesPerSec" : 0.20668069800648944,
    "sentKBytesPerSec" : 0.05046021451906836
  },
  "Dry Run Policy-0" : {
    "transaction" : "Dry Run Policy-0",
    "sampleCount" : 10,
    "errorCount" : 0,
    "errorPct" : 0.0,
    "meanResTime" : 0.7,
    "medianResTime" : 1.0,
    "minResTime" : 0.0,
    "maxResTime" : 2.0,
    "pct1ResTime" : 1.9000000000000004,
    "pct2ResTime" : 2.0,
    "pct3ResTime" : 2.0,
    "throughput" : 0.07343114361663068,
    "receivedKBytesPerSec" : 0.15517348796096403,
    "sentKBytesPerSec" : 0.0
  },
  "Policy import and dry run" : {
    "transaction" : "Policy import and dry run",
    "sampleCount" : 10,
    "errorCount" : 9,
    "errorPct" : 90.0,
    "meanResTime" : 216539.5,
    "medianResTime" : 224654.0,
    "minResTime" : 166320.0,
    "maxResTime" : 257044.0,
    "pct1ResTime" : 255668.80000000002,
    "pct2ResTime" : 257044.0,
    "pct3ResTime" : 257044.0,
    "throughput" : 0.033040157006826096,
    "receivedKBytesPerSec" : 19.435707803795985,
    "sentKBytesPerSec" : 0.18795461191031582
  },
  "WS open for policy import" : {
    "transaction" : "WS open for policy import",
    "sampleCount" : 10,
    "errorCount" : 0,
    "errorPct" : 0.0,
    "meanResTime" : 774.0,
    "medianResTime" : 771.5,
    "minResTime" : 760.0,
    "maxResTime" : 790.0,
    "pct1ResTime" : 789.7,
    "pct2ResTime" : 790.0,
    "pct3ResTime" : 790.0,
    "throughput" : 0.11048502927853276,
    "receivedKBytesPerSec" : 0.22638641448458732,
    "sentKBytesPerSec" : 0.06648522953264832
  },
  "Dry Run Policy" : {
    "transaction" : "Dry Run Policy",
    "sampleCount" : 10,
    "errorCount" : 9,
    "errorPct" : 90.0,
    "meanResTime" : 97771.20000000001,
    "medianResTime" : 100244.0,
    "minResTime" : 75512.0,
    "maxResTime" : 100251.0,
    "pct1ResTime" : 100250.7,
    "pct2ResTime" : 100251.0,
    "pct3ResTime" : 100251.0,
    "throughput" : 0.042296711430686265,
    "receivedKBytesPerSec" : 0.16254907079412076,
    "sentKBytesPerSec" : 0.02722850798350428
  },
  "WS PP policy import" : {
    "transaction" : "WS PP policy import",
    "sampleCount" : 1141,
    "errorCount" : 0,
    "errorPct" : 0.0,
    "meanResTime" : 0.3829973707274329,
    "medianResTime" : 0.0,
    "minResTime" : 0.0,
    "maxResTime" : 67.0,
    "pct1ResTime" : 1.0,
    "pct2ResTime" : 1.0,
    "pct3ResTime" : 1.0,
    "throughput" : 5.660480322265383,
    "receivedKBytesPerSec" : 11.817974482259528,
    "sentKBytesPerSec" : 0.03316687688827372
  },
  "WS PP policy import-0" : {
    "transaction" : "WS PP policy import-0",
    "sampleCount" : 1141,
    "errorCount" : 0,
    "errorPct" : 0.0,
    "meanResTime" : 0.2392638036809816,
    "medianResTime" : 0.0,
    "minResTime" : 0.0,
    "maxResTime" : 67.0,
    "pct1ResTime" : 1.0,
    "pct2ResTime" : 1.0,
    "pct3ResTime" : 1.0,
    "throughput" : 5.660508403944993,
    "receivedKBytesPerSec" : 11.818033111307622,
    "sentKBytesPerSec" : 0.0
  },
  "Login by SR-0" : {
    "transaction" : "Login by SR-0",
    "sampleCount" : 20,
    "errorCount" : 0,
    "errorPct" : 0.0,
    "meanResTime" : 0.15000000000000002,
    "medianResTime" : 0.0,
    "minResTime" : 0.0,
    "maxResTime" : 1.0,
    "pct1ResTime" : 1.0,
    "pct2ResTime" : 1.0,
    "pct3ResTime" : 1.0,
    "throughput" : 0.09818408534160698,
    "receivedKBytesPerSec" : 0.1614140610042268,
    "sentKBytesPerSec" : 0.0
  },